{"mse_train": 0.20650812983512878, "_timestamp": 1721557845.125928, "_runtime": 1.6527018547058105, "_step": 3325, "mse_val": 0.010987883433699608, "_wandb": {"runtime": 314}}