{"mse_train": 0.20650812983512878, "_timestamp": 1721557811.387351, "_runtime": 1.8817660808563232, "_step": 3325, "mse_val": 0.010987883433699608, "_wandb": {"runtime": 1}}