{"_runtime":3.081393,"_step":12575,"_wandb":{"runtime":7},"mse_val":0.9845235347747803,"mse_train":0.9869943857192993,"_timestamp":1.7217611015193422e+09}