{"_runtime":1.3962430000000001,"_step":2211,"mse_train":0.15190349519252777,"_wandb":{"runtime":14},"mse_val":0.01451061386615038,"_timestamp":1.721761229083286e+09}