{"mse_train": 0.20650812983512878, "_timestamp": 1721557290.131947, "_runtime": 1.7572839260101318, "_step": 3326, "mse_val": 0.010987883433699608, "epochs_ran": 1663}