{"_runtime":1.379268,"_step":3325,"_timestamp":1721558078.818689,"_wandb":{"runtime":83},"mse_train":0.20650812983512878,"mse_val":0.010987883433699608}