{"mse_train":0.3829440176486969,"_timestamp":1.721833916611925e+09,"_runtime":1.354374,"_step":1401,"_wandb":{"runtime":8},"mse_val":0.2447184920310974}