{"best_weights": [-4.346926652942784e-05, 0.38399916887283325, 0.9183330535888672, 0.04122111573815346, 0.028780339285731316, 0.01645314134657383], "mse_train": 0.20650812983512878, "loss_gradients": [0.0005139203276485205, -7.236446253955364e-05, -0.000396158080548048, 0.0016007970552891493, 0.001076111919246614, 0.0009508912917226553], "_timestamp": 1721552578.846689, "_runtime": 3.268570899963379, "_step": 1663, "mse_val": 0.010987883433699608, "epochs_ran": 1663, "_wandb": {"runtime": 5}}