{"mse": 0.011091060936450958, "r2_score": 0.9890174865722656, "_timestamp": 1721229755.881004, "_runtime": 1.7646760940551758, "_step": 0, "_wandb": {"runtime": 304}}