{"mse_val":0.2447184920310974,"_timestamp":1.721832332522599e+09,"_runtime":1.529519,"_step":1401,"mse_train":0.3829440176486969,"_wandb":{"runtime":5}}