{"mse": 0.011287260800600052, "r2_score": 0.9886829853057861, "_timestamp": 1721317773.214126, "_runtime": 4.885248184204102, "_step": 9999, "_wandb": {"runtime": 18519}}