{"best_weights": [1.678272008895874, -1.0478204488754272, -1.6225391626358032, 0.49792444705963135, -1.6798791885375977, -1.3080652952194214], "mse_train": 13.345011711120605, "loss_gradients": [2.689054489135742, -2.359846591949463, -4.032989501953125, 0.6152631044387817, -2.8009567260742188, -2.1450252532958984], "_timestamp": 1721552216.503986, "_runtime": 1.5214178562164307, "_step": 0, "_wandb": {"runtime": 0}}