{"mse_train":0.3829440176486969,"_timestamp":1.7217612831748888e+09,"_runtime":1.143248,"_step":1401,"_wandb":{"runtime":8},"mse_val":0.2447184920310974}