{"mse_train":0.3829440176486969,"_wandb":{"runtime":9},"mse_val":0.2447184920310974,"_timestamp":1.721834245628273e+09,"_runtime":1.238154,"_step":1401}